date,value
25-02-2019 15:27,374
26-02-2019 15:27,368
27-02-2019 15:27,369
28-02-2019 15:27,377
01-03-2019 15:27,377
02-03-2019 15:27,390
03-03-2019 15:27,380
04-03-2019 15:27,384
05-03-2019 15:27,381
06-03-2019 15:27,379
07-03-2019 15:27,388
08-03-2019 15:27,378
09-03-2019 15:27,388
10-03-2019 15:27,390
11-03-2019 15:27,382
12-03-2019 15:27,378
13-03-2019 15:27,379
14-03-2019 15:27,381
15-03-2019 15:27,380
16-03-2019 15:27,389
17-03-2019 15:27,379
18-03-2019 15:27,390
19-03-2019 15:27,386
20-03-2019 15:27,387
21-03-2019 15:27,379
22-03-2019 15:27,389
23-03-2019 15:27,386
24-03-2019 15:27,390
25-03-2019 15:27,379
26-03-2019 15:27,385
27-03-2019 15:27,379
28-03-2019 15:27,385
29-03-2019 15:27,379
30-03-2019 15:27,383
31-03-2019 15:27,389
01-04-2019 15:27,388
02-04-2019 15:27,401
03-04-2019 15:27,394
04-04-2019 15:27,394
05-04-2019 15:27,401
06-04-2019 15:27,402
07-04-2019 15:27,391
08-04-2019 15:27,388
09-04-2019 15:27,398
10-04-2019 15:27,396
11-04-2019 15:27,394
12-04-2019 15:27,393
13-04-2019 15:27,393
14-04-2019 15:27,400
15-04-2019 15:27,402
16-04-2019 15:27,392
17-04-2019 15:27,393
18-04-2019 15:27,395
19-04-2019 15:27,394
20-04-2019 15:27,392
21-04-2019 15:27,396
22-04-2019 15:27,396
23-04-2019 15:27,395
24-04-2019 15:27,393
25-04-2019 15:27,399
26-04-2019 15:27,396
27-04-2019 15:27,391
28-04-2019 15:27,393
29-04-2019 15:27,396
30-04-2019 15:27,391
01-05-2019 15:27,392
02-05-2019 15:27,404
03-05-2019 15:27,410
04-05-2019 15:27,400
05-05-2019 15:27,399
06-05-2019 15:27,410
07-05-2019 15:27,399
08-05-2019 15:27,398
09-05-2019 15:27,413
10-05-2019 15:27,405
11-05-2019 15:27,402
12-05-2019 15:27,400
13-05-2019 15:27,406
14-05-2019 15:27,399
15-05-2019 15:27,405
16-05-2019 15:27,404
17-05-2019 15:27,407
18-05-2019 15:27,403
19-05-2019 15:27,410
20-05-2019 15:27,413
21-05-2019 15:27,413
22-05-2019 15:27,399
23-05-2019 15:27,407
24-05-2019 15:27,402
25-05-2019 15:27,409
26-05-2019 15:27,411
27-05-2019 15:27,406
28-05-2019 15:27,411
29-05-2019 15:27,403
30-05-2019 15:27,407
31-05-2019 15:27,403
01-06-2019 15:27,407
02-06-2019 15:27,417
03-06-2019 15:27,421
04-06-2019 15:27,423
05-06-2019 15:27,419
06-06-2019 15:27,412
07-06-2019 15:27,410
08-06-2019 15:27,423
09-06-2019 15:27,421
10-06-2019 15:27,424
11-06-2019 15:27,414
12-06-2019 15:27,424
13-06-2019 15:27,411
14-06-2019 15:27,418
15-06-2019 15:27,415
16-06-2019 15:27,409
17-06-2019 15:27,417
18-06-2019 15:27,417
19-06-2019 15:27,416
20-06-2019 15:27,420
21-06-2019 15:27,411
22-06-2019 15:27,424
23-06-2019 15:27,422
24-06-2019 15:27,423
25-06-2019 15:27,411
26-06-2019 15:27,408
27-06-2019 15:27,421
28-06-2019 15:27,411
29-06-2019 15:27,419
30-06-2019 15:27,416
01-07-2019 15:27,410
02-07-2019 15:27,421
03-07-2019 15:27,419
04-07-2019 15:27,419
05-07-2019 15:27,428
06-07-2019 15:27,435
07-07-2019 15:27,418
08-07-2019 15:27,430
09-07-2019 15:27,431
10-07-2019 15:27,427
11-07-2019 15:27,435
12-07-2019 15:27,423
13-07-2019 15:27,430
14-07-2019 15:27,435
15-07-2019 15:27,429
16-07-2019 15:27,432
17-07-2019 15:27,425
18-07-2019 15:27,430
19-07-2019 15:27,418
20-07-2019 15:27,420
21-07-2019 15:27,430
22-07-2019 15:27,431
23-07-2019 15:27,423
24-07-2019 15:27,425
25-07-2019 15:27,426
26-07-2019 15:27,429
27-07-2019 15:27,424
28-07-2019 15:27,419
29-07-2019 15:27,422
30-07-2019 15:27,427
31-07-2019 15:27,423
01-08-2019 15:27,422
02-08-2019 15:27,444
03-08-2019 15:27,439
04-08-2019 15:27,439
05-08-2019 15:27,430
06-08-2019 15:27,439
07-08-2019 15:27,445
08-08-2019 15:27,441
09-08-2019 15:27,435
10-08-2019 15:27,441
11-08-2019 15:27,435
12-08-2019 15:27,437
13-08-2019 15:27,438
14-08-2019 15:27,430
15-08-2019 15:27,433
16-08-2019 15:27,430
17-08-2019 15:27,432
18-08-2019 15:27,428
19-08-2019 15:27,444
20-08-2019 15:27,431
21-08-2019 15:27,432
22-08-2019 15:27,431
23-08-2019 15:27,444
24-08-2019 15:27,440
25-08-2019 15:27,432
26-08-2019 15:27,431
27-08-2019 15:27,434
28-08-2019 15:27,433
29-08-2019 15:27,433
30-08-2019 15:27,442
31-08-2019 15:27,439
01-09-2019 15:27,440
02-09-2019 15:27,439
03-09-2019 15:27,449
04-09-2019 15:27,456
05-09-2019 15:27,445
06-09-2019 15:27,455
07-09-2019 15:27,454
08-09-2019 15:27,452
09-09-2019 15:27,440
10-09-2019 15:27,440
11-09-2019 15:27,446
12-09-2019 15:27,444
13-09-2019 15:27,445
14-09-2019 15:27,455
15-09-2019 15:27,447
16-09-2019 15:27,449
17-09-2019 15:27,440
18-09-2019 15:27,439
19-09-2019 15:27,453
20-09-2019 15:27,445
21-09-2019 15:27,457
22-09-2019 15:27,453
23-09-2019 15:27,445
24-09-2019 15:27,454
25-09-2019 15:27,446
26-09-2019 15:27,454
27-09-2019 15:27,447
28-09-2019 15:27,452
29-09-2019 15:27,441
30-09-2019 15:27,440
01-10-2019 15:27,446
02-10-2019 15:27,449
03-10-2019 15:27,454
04-10-2019 15:27,456
05-10-2019 15:27,454
06-10-2019 15:27,459
07-10-2019 15:27,463
08-10-2019 15:27,468
09-10-2019 15:27,460
10-10-2019 15:27,460
11-10-2019 15:27,453
12-10-2019 15:27,453
13-10-2019 15:27,459
14-10-2019 15:27,449
15-10-2019 15:27,451
16-10-2019 15:27,468
17-10-2019 15:27,468
18-10-2019 15:27,454
19-10-2019 15:27,450
20-10-2019 15:27,449
21-10-2019 15:27,448
22-10-2019 15:27,463
23-10-2019 15:27,467
24-10-2019 15:27,448
25-10-2019 15:27,451
26-10-2019 15:27,459
27-10-2019 15:27,455
28-10-2019 15:27,454
29-10-2019 15:27,453
30-10-2019 15:27,455
31-10-2019 15:27,449
01-11-2019 15:27,463
02-11-2019 15:27,369
03-11-2019 15:27,379
04-11-2019 15:27,370
05-11-2019 15:27,368
06-11-2019 15:27,373
07-11-2019 15:27,377
08-11-2019 15:27,380
09-11-2019 15:27,388
10-11-2019 15:27,389
11-11-2019 15:27,370
12-11-2019 15:27,370
13-11-2019 15:27,371
14-11-2019 15:27,385
15-11-2019 15:27,381
16-11-2019 15:27,382
17-11-2019 15:27,385
18-11-2019 15:27,377
19-11-2019 15:27,386
20-11-2019 15:27,381
21-11-2019 15:27,373
22-11-2019 15:27,368
23-11-2019 15:27,381
24-11-2019 15:27,373
25-11-2019 15:27,373
26-11-2019 15:27,370
27-11-2019 15:27,369
28-11-2019 15:27,371
29-11-2019 15:27,372
30-11-2019 15:27,372
01-12-2019 15:27,368
02-12-2019 15:27,390
03-12-2019 15:27,400
04-12-2019 15:27,399
05-12-2019 15:27,395
06-12-2019 15:27,397
07-12-2019 15:27,387
08-12-2019 15:27,387
09-12-2019 15:27,397
10-12-2019 15:27,381
11-12-2019 15:27,388
12-12-2019 15:27,382
13-12-2019 15:27,393
14-12-2019 15:27,384
15-12-2019 15:27,392
16-12-2019 15:27,381
17-12-2019 15:27,384
18-12-2019 15:27,383
19-12-2019 15:27,383
20-12-2019 15:27,386
21-12-2019 15:27,388
22-12-2019 15:27,385
23-12-2019 15:27,396
24-12-2019 15:27,397
25-12-2019 15:27,380
26-12-2019 15:27,381
27-12-2019 15:27,383
28-12-2019 15:27,388
29-12-2019 15:27,393
30-12-2019 15:27,399
31-12-2019 15:27,395
01-01-2020 15:27,510
02-01-2020 15:27,518
03-01-2020 15:27,519
04-01-2020 15:27,518
05-01-2020 15:27,524
06-01-2020 15:27,522
07-01-2020 15:27,519
08-01-2020 15:27,521
09-01-2020 15:27,519
10-01-2020 15:27,517
11-01-2020 15:27,518
12-01-2020 15:27,517
13-01-2020 15:27,525
14-01-2020 15:27,520
15-01-2020 15:27,518
16-01-2020 15:27,526
17-01-2020 15:27,522
18-01-2020 15:27,526
19-01-2020 15:27,526
20-01-2020 15:27,520
21-01-2020 15:27,517
22-01-2020 15:27,524
23-01-2020 15:27,526
24-01-2020 15:27,526
25-01-2020 15:27,519
26-01-2020 15:27,524
27-01-2020 15:27,524
28-01-2020 15:27,522
29-01-2020 15:27,525
30-01-2020 15:27,527
31-01-2020 15:27,525
01-02-2020 15:27,525
02-02-2020 15:27,533
03-02-2020 15:27,527
04-02-2020 15:27,531
05-02-2020 15:27,531
06-02-2020 15:27,533
07-02-2020 15:27,537
08-02-2020 15:27,530
09-02-2020 15:27,532
10-02-2020 15:27,537
11-02-2020 15:27,528
12-02-2020 15:27,535
13-02-2020 15:27,530
14-02-2020 15:27,536
15-02-2020 15:27,531
16-02-2020 15:27,539
17-02-2020 15:27,534
18-02-2020 15:27,539
19-02-2020 15:27,529
20-02-2020 15:27,538
21-02-2020 15:27,539
22-02-2020 15:27,536
23-02-2020 15:27,537
24-02-2020 15:27,528
25-02-2020 15:27,531
26-02-2020 15:27,528
27-02-2020 15:27,531
28-02-2020 15:27,533
29-02-2020 15:27,536
01-03-2020 15:27,530
02-03-2020 15:27,543
03-03-2020 15:27,544
04-03-2020 15:27,549
05-03-2020 15:27,540
06-03-2020 15:27,544
07-03-2020 15:27,539
08-03-2020 15:27,543
09-03-2020 15:27,546
10-03-2020 15:27,547
11-03-2020 15:27,542
12-03-2020 15:27,547
13-03-2020 15:27,550
14-03-2020 15:27,543
15-03-2020 15:27,549
16-03-2020 15:27,548
17-03-2020 15:27,542
18-03-2020 15:27,541
19-03-2020 15:27,539
20-03-2020 15:27,544
21-03-2020 15:27,547
22-03-2020 15:27,544
23-03-2020 15:27,540
24-03-2020 15:27,547
25-03-2020 15:27,538
26-03-2020 15:27,542
27-03-2020 15:27,546
28-03-2020 15:27,537
29-03-2020 15:27,549
30-03-2020 15:27,537
31-03-2020 15:27,541
01-04-2020 15:27,540
02-04-2020 15:27,555
03-04-2020 15:27,553
04-04-2020 15:27,558
05-04-2020 15:27,553
06-04-2020 15:27,557
07-04-2020 15:27,561
08-04-2020 15:27,560
09-04-2020 15:27,551
10-04-2020 15:27,555
11-04-2020 15:27,561
12-04-2020 15:27,555
13-04-2020 15:27,547
14-04-2020 15:27,554
15-04-2020 15:27,553
16-04-2020 15:27,551
17-04-2020 15:27,556
18-04-2020 15:27,548
19-04-2020 15:27,555
20-04-2020 15:27,548
21-04-2020 15:27,549
22-04-2020 15:27,548
23-04-2020 15:27,555
24-04-2020 15:27,549
25-04-2020 15:27,548
26-04-2020 15:27,555
27-04-2020 15:27,550
28-04-2020 15:27,561
29-04-2020 15:27,555
30-04-2020 15:27,561
01-05-2020 15:27,561
02-05-2020 15:27,558
03-05-2020 15:27,568
04-05-2020 15:27,572
05-05-2020 15:27,566
06-05-2020 15:27,561
07-05-2020 15:27,560
08-05-2020 15:27,557
09-05-2020 15:27,571
10-05-2020 15:27,567
11-05-2020 15:27,557
12-05-2020 15:27,567
13-05-2020 15:27,560
14-05-2020 15:27,567
15-05-2020 15:27,567
16-05-2020 15:27,560
17-05-2020 15:27,566
18-05-2020 15:27,559
19-05-2020 15:27,569
20-05-2020 15:27,562
21-05-2020 15:27,569
22-05-2020 15:27,571
23-05-2020 15:27,569
24-05-2020 15:27,572
25-05-2020 15:27,562
26-05-2020 15:27,571
27-05-2020 15:27,566
28-05-2020 15:27,569
29-05-2020 15:27,563
30-05-2020 15:27,566
31-05-2020 15:27,570
01-06-2020 15:27,565
02-06-2020 15:27,572
03-06-2020 15:27,576
04-06-2020 15:27,573
05-06-2020 15:27,570
06-06-2020 15:27,577
07-06-2020 15:27,582
08-06-2020 15:27,577
09-06-2020 15:27,580
10-06-2020 15:27,581
11-06-2020 15:27,572
12-06-2020 15:27,582
13-06-2020 15:27,578
14-06-2020 15:27,572
15-06-2020 15:27,573
16-06-2020 15:27,578
17-06-2020 15:27,582
18-06-2020 15:27,570
19-06-2020 15:27,571
20-06-2020 15:27,582
21-06-2020 15:27,575
22-06-2020 15:27,583
23-06-2020 15:27,580
24-06-2020 15:27,572
25-06-2020 15:27,568
26-06-2020 15:27,583
27-06-2020 15:27,582
28-06-2020 15:27,568
29-06-2020 15:27,583
30-06-2020 15:27,569
01-07-2020 15:27,575
02-07-2020 15:27,585
03-07-2020 15:27,586
04-07-2020 15:27,578
05-07-2020 15:27,578
06-07-2020 15:27,583
07-07-2020 15:27,582
08-07-2020 15:27,590
09-07-2020 15:27,594
10-07-2020 15:27,594
11-07-2020 15:27,586
12-07-2020 15:27,592
13-07-2020 15:27,589
14-07-2020 15:27,577
15-07-2020 15:27,583
16-07-2020 15:27,578
17-07-2020 15:27,577
18-07-2020 15:27,583
19-07-2020 15:27,577
20-07-2020 15:27,584
21-07-2020 15:27,580
22-07-2020 15:27,587
23-07-2020 15:27,581
24-07-2020 15:27,581
25-07-2020 15:27,588
26-07-2020 15:27,579
27-07-2020 15:27,587
28-07-2020 15:27,583
29-07-2020 15:27,584
30-07-2020 15:27,578
31-07-2020 15:27,586
01-08-2020 15:27,588
02-08-2020 15:27,599
03-08-2020 15:27,587
04-08-2020 15:27,596
05-08-2020 15:27,598
06-08-2020 15:27,596
07-08-2020 15:27,593
08-08-2020 15:27,596
09-08-2020 15:27,591
10-08-2020 15:27,590
11-08-2020 15:27,600
12-08-2020 15:27,590
13-08-2020 15:27,596
14-08-2020 15:27,592
15-08-2020 15:27,595
16-08-2020 15:27,604
17-08-2020 15:27,594
18-08-2020 15:27,594
19-08-2020 15:27,595
20-08-2020 15:27,588
21-08-2020 15:27,588
22-08-2020 15:27,588
23-08-2020 15:27,589
24-08-2020 15:27,591
25-08-2020 15:27,603
26-08-2020 15:27,590
27-08-2020 15:27,605
28-08-2020 15:27,596
29-08-2020 15:27,596
30-08-2020 15:27,593
31-08-2020 15:27,596
01-09-2020 15:27,589
02-09-2020 15:27,507
03-09-2020 15:27,518
04-09-2020 15:27,508
05-09-2020 15:27,526
06-09-2020 15:27,509
07-09-2020 15:27,522
08-09-2020 15:27,514
09-09-2020 15:27,522
10-09-2020 15:27,513
11-09-2020 15:27,511
12-09-2020 15:27,525
13-09-2020 15:27,514
14-09-2020 15:27,508
15-09-2020 15:27,517
16-09-2020 15:27,507
17-09-2020 15:27,513
18-09-2020 15:27,526
19-09-2020 15:27,516
20-09-2020 15:27,511
21-09-2020 15:27,513
22-09-2020 15:27,525
23-09-2020 15:27,509
24-09-2020 15:27,510
25-09-2020 15:27,507
26-09-2020 15:27,507
27-09-2020 15:27,519
28-09-2020 15:27,517
29-09-2020 15:27,511
30-09-2020 15:27,510
01-10-2020 15:27,520
02-10-2020 15:27,518
03-10-2020 15:27,530
04-10-2020 15:27,528
05-10-2020 15:27,534
06-10-2020 15:27,525
07-10-2020 15:27,519
08-10-2020 15:27,519
09-10-2020 15:27,517
10-10-2020 15:27,531
11-10-2020 15:27,529
12-10-2020 15:27,530
13-10-2020 15:27,533
14-10-2020 15:27,526
15-10-2020 15:27,536
16-10-2020 15:27,517
17-10-2020 15:27,534
18-10-2020 15:27,535
19-10-2020 15:27,534
20-10-2020 15:27,537
21-10-2020 15:27,528
22-10-2020 15:27,520
23-10-2020 15:27,529
24-10-2020 15:27,527
25-10-2020 15:27,529
26-10-2020 15:27,534
27-10-2020 15:27,519
28-10-2020 15:27,537
29-10-2020 15:27,531
30-10-2020 15:27,537
31-10-2020 15:27,535
01-11-2020 15:27,527
02-11-2020 15:27,530
03-11-2020 15:27,532
04-11-2020 15:27,535
05-11-2020 15:27,539
06-11-2020 15:27,534
07-11-2020 15:27,527
08-11-2020 15:27,545
09-11-2020 15:27,537
10-11-2020 15:27,531
11-11-2020 15:27,527
12-11-2020 15:27,534
13-11-2020 15:27,543
14-11-2020 15:27,545
15-11-2020 15:27,543
16-11-2020 15:27,542
17-11-2020 15:27,538
18-11-2020 15:27,545
19-11-2020 15:27,540
20-11-2020 15:27,539
21-11-2020 15:27,547
22-11-2020 15:27,530
23-11-2020 15:27,544
24-11-2020 15:27,528
25-11-2020 15:27,534
26-11-2020 15:27,537
27-11-2020 15:27,535
28-11-2020 15:27,527
29-11-2020 15:27,533
30-11-2020 15:27,528
01-12-2020 15:27,544
02-12-2020 15:27,558
03-12-2020 15:27,552
04-12-2020 15:27,558
05-12-2020 15:27,556
06-12-2020 15:27,553
07-12-2020 15:27,550
08-12-2020 15:27,542
09-12-2020 15:27,544
10-12-2020 15:27,557
11-12-2020 15:27,554
12-12-2020 15:27,543
13-12-2020 15:27,548
14-12-2020 15:27,546
15-12-2020 15:27,543
16-12-2020 15:27,541
17-12-2020 15:27,556
18-12-2020 15:27,546
19-12-2020 15:27,545
20-12-2020 15:27,548
21-12-2020 15:27,540
22-12-2020 15:27,541
23-12-2020 15:27,552
24-12-2020 15:27,553
25-12-2020 15:27,541
26-12-2020 15:27,551
27-12-2020 15:27,549
28-12-2020 15:27,537
29-12-2020 15:27,555
30-12-2020 15:27,546
31-12-2020 15:27,543
01-01-2021 15:27,442
02-01-2021 15:27,462
03-01-2021 15:27,455
04-01-2021 15:27,461
05-01-2021 15:27,455
06-01-2021 15:27,454
07-01-2021 15:27,455
08-01-2021 15:27,462
09-01-2021 15:27,453
10-01-2021 15:27,451
11-01-2021 15:27,456
12-01-2021 15:27,458
13-01-2021 15:27,458
14-01-2021 15:27,461
15-01-2021 15:27,454
16-01-2021 15:27,454
17-01-2021 15:27,456
18-01-2021 15:27,453
19-01-2021 15:27,457
20-01-2021 15:27,462
21-01-2021 15:27,454
22-01-2021 15:27,462
23-01-2021 15:27,454
24-01-2021 15:27,452
25-01-2021 15:27,451
26-01-2021 15:27,453
27-01-2021 15:27,458
28-01-2021 15:27,454
29-01-2021 15:27,452
30-01-2021 15:27,455
31-01-2021 15:27,458
01-02-2021 15:27,459
02-02-2021 15:27,468
03-02-2021 15:27,465
04-02-2021 15:27,471
05-02-2021 15:27,462
06-02-2021 15:27,468
07-02-2021 15:27,473
08-02-2021 15:27,467
09-02-2021 15:27,464
10-02-2021 15:27,461
11-02-2021 15:27,464
12-02-2021 15:27,461
13-02-2021 15:27,472
14-02-2021 15:27,471
15-02-2021 15:27,470
16-02-2021 15:27,471
17-02-2021 15:27,464
18-02-2021 15:27,461
19-02-2021 15:27,469
20-02-2021 15:27,471
21-02-2021 15:27,463
22-02-2021 15:27,462
23-02-2021 15:27,473
24-02-2021 15:27,472
25-02-2021 15:27,470
26-02-2021 15:27,471
27-02-2021 15:27,473
28-02-2021 15:27,462
01-03-2021 15:27,465
02-03-2021 15:27,484
03-03-2021 15:27,482
04-03-2021 15:27,482
05-03-2021 15:27,479
06-03-2021 15:27,482
07-03-2021 15:27,478
08-03-2021 15:27,473
09-03-2021 15:27,477
10-03-2021 15:27,481
11-03-2021 15:27,476
12-03-2021 15:27,477
13-03-2021 15:27,471
14-03-2021 15:27,480
15-03-2021 15:27,482
16-03-2021 15:27,477
17-03-2021 15:27,479
18-03-2021 15:27,484
19-03-2021 15:27,479
20-03-2021 15:27,473
21-03-2021 15:27,482
22-03-2021 15:27,472
23-03-2021 15:27,484
24-03-2021 15:27,481
25-03-2021 15:27,475
26-03-2021 15:27,472
27-03-2021 15:27,475
28-03-2021 15:27,478
29-03-2021 15:27,482
30-03-2021 15:27,483
31-03-2021 15:27,475
01-04-2021 15:27,473
02-04-2021 15:27,488
03-04-2021 15:27,495
04-04-2021 15:27,483
05-04-2021 15:27,483
06-04-2021 15:27,492
07-04-2021 15:27,495
08-04-2021 15:27,494
09-04-2021 15:27,488
10-04-2021 15:27,493
11-04-2021 15:27,493
12-04-2021 15:27,483
13-04-2021 15:27,492
14-04-2021 15:27,485
15-04-2021 15:27,481
16-04-2021 15:27,491
17-04-2021 15:27,493
18-04-2021 15:27,494
19-04-2021 15:27,486
20-04-2021 15:27,490
21-04-2021 15:27,482
22-04-2021 15:27,485
23-04-2021 15:27,494
24-04-2021 15:27,492
25-04-2021 15:27,481
26-04-2021 15:27,487
27-04-2021 15:27,489
28-04-2021 15:27,484
29-04-2021 15:27,492
30-04-2021 15:27,490
01-05-2021 15:27,487
02-05-2021 15:27,495
03-05-2021 15:27,502
04-05-2021 15:27,499
05-05-2021 15:27,491
06-05-2021 15:27,503
07-05-2021 15:27,497
08-05-2021 15:27,503
09-05-2021 15:27,499
10-05-2021 15:27,496
11-05-2021 15:27,505
12-05-2021 15:27,501
13-05-2021 15:27,500
14-05-2021 15:27,495
15-05-2021 15:27,496
16-05-2021 15:27,496
17-05-2021 15:27,502
18-05-2021 15:27,494
19-05-2021 15:27,501
20-05-2021 15:27,496
21-05-2021 15:27,495
22-05-2021 15:27,505
23-05-2021 15:27,496
24-05-2021 15:27,495
25-05-2021 15:27,500
26-05-2021 15:27,496
27-05-2021 15:27,491
28-05-2021 15:27,496
29-05-2021 15:27,500
30-05-2021 15:27,495
31-05-2021 15:27,505
01-06-2021 15:27,501
02-06-2021 15:27,513
03-06-2021 15:27,516
04-06-2021 15:27,514
05-06-2021 15:27,505
06-06-2021 15:27,507
07-06-2021 15:27,509
08-06-2021 15:27,510
09-06-2021 15:27,502
10-06-2021 15:27,509
11-06-2021 15:27,514
12-06-2021 15:27,514
13-06-2021 15:27,512
14-06-2021 15:27,504
15-06-2021 15:27,517
16-06-2021 15:27,503
17-06-2021 15:27,504
18-06-2021 15:27,514
19-06-2021 15:27,508
20-06-2021 15:27,513
21-06-2021 15:27,513
22-06-2021 15:27,504
23-06-2021 15:27,503
24-06-2021 15:27,515
25-06-2021 15:27,508
26-06-2021 15:27,505
27-06-2021 15:27,517
28-06-2021 15:27,508
29-06-2021 15:27,516
30-06-2021 15:27,515
01-07-2021 15:27,508
02-07-2021 15:27,426
03-07-2021 15:27,435
04-07-2021 15:27,426
05-07-2021 15:27,434
06-07-2021 15:27,433
07-07-2021 15:27,423
08-07-2021 15:27,429
09-07-2021 15:27,421
10-07-2021 15:27,428
11-07-2021 15:27,432
12-07-2021 15:27,423
13-07-2021 15:27,421
14-07-2021 15:27,436
15-07-2021 15:27,435
16-07-2021 15:27,422
17-07-2021 15:27,436
18-07-2021 15:27,426
19-07-2021 15:27,437
20-07-2021 15:27,421
21-07-2021 15:27,433
22-07-2021 15:27,422
23-07-2021 15:27,426
24-07-2021 15:27,422
25-07-2021 15:27,436
26-07-2021 15:27,427
27-07-2021 15:27,437
28-07-2021 15:27,424
29-07-2021 15:27,436
30-07-2021 15:27,428
31-07-2021 15:27,425
01-08-2021 15:27,429
02-08-2021 15:27,443
03-08-2021 15:27,444
04-08-2021 15:27,442
05-08-2021 15:27,446
06-08-2021 15:27,437
07-08-2021 15:27,433
08-08-2021 15:27,438
09-08-2021 15:27,441
10-08-2021 15:27,438
11-08-2021 15:27,435
12-08-2021 15:27,431
13-08-2021 15:27,438
14-08-2021 15:27,437
15-08-2021 15:27,444
16-08-2021 15:27,432
17-08-2021 15:27,434
18-08-2021 15:27,439
19-08-2021 15:27,445
20-08-2021 15:27,448
21-08-2021 15:27,437
22-08-2021 15:27,440
23-08-2021 15:27,447
24-08-2021 15:27,434
25-08-2021 15:27,431
26-08-2021 15:27,437
27-08-2021 15:27,443
28-08-2021 15:27,446
29-08-2021 15:27,446
30-08-2021 15:27,449
31-08-2021 15:27,444
01-09-2021 15:27,433
02-09-2021 15:27,443
03-09-2021 15:27,455
04-09-2021 15:27,448
05-09-2021 15:27,441
06-09-2021 15:27,445
07-09-2021 15:27,447
08-09-2021 15:27,448
09-09-2021 15:27,453
10-09-2021 15:27,450
11-09-2021 15:27,457
12-09-2021 15:27,443
13-09-2021 15:27,442
14-09-2021 15:27,460
15-09-2021 15:27,459
16-09-2021 15:27,452
17-09-2021 15:27,450
18-09-2021 15:27,443
19-09-2021 15:27,445
20-09-2021 15:27,448
21-09-2021 15:27,442
22-09-2021 15:27,459
23-09-2021 15:27,458
24-09-2021 15:27,447
25-09-2021 15:27,443
26-09-2021 15:27,443
27-09-2021 15:27,458
28-09-2021 15:27,457
29-09-2021 15:27,453
30-09-2021 15:27,441
01-10-2021 15:27,456
02-10-2021 15:27,453
03-10-2021 15:27,454
04-10-2021 15:27,453
05-10-2021 15:27,451
06-10-2021 15:27,458
07-10-2021 15:27,466
08-10-2021 15:27,454
09-10-2021 15:27,468
10-10-2021 15:27,467
11-10-2021 15:27,453
12-10-2021 15:27,452
13-10-2021 15:27,463
14-10-2021 15:27,454
15-10-2021 15:27,468
16-10-2021 15:27,466
17-10-2021 15:27,457
18-10-2021 15:27,452
19-10-2021 15:27,465
20-10-2021 15:27,457
21-10-2021 15:27,460
22-10-2021 15:27,460
23-10-2021 15:27,471
24-10-2021 15:27,470
25-10-2021 15:27,468
26-10-2021 15:27,471
27-10-2021 15:27,455
28-10-2021 15:27,453
29-10-2021 15:27,459
30-10-2021 15:27,457
31-10-2021 15:27,461
01-11-2021 15:27,462
02-11-2021 15:27,479
03-11-2021 15:27,474
04-11-2021 15:27,477
05-11-2021 15:27,481
06-11-2021 15:27,462
07-11-2021 15:27,482
08-11-2021 15:27,465
09-11-2021 15:27,463
10-11-2021 15:27,470
11-11-2021 15:27,471
12-11-2021 15:27,471
13-11-2021 15:27,477
14-11-2021 15:27,472
15-11-2021 15:27,462
16-11-2021 15:27,465
17-11-2021 15:27,466
18-11-2021 15:27,464
19-11-2021 15:27,461
20-11-2021 15:27,472
21-11-2021 15:27,465
22-11-2021 15:27,471
23-11-2021 15:27,471
24-11-2021 15:27,480
25-11-2021 15:27,474
26-11-2021 15:27,462
27-11-2021 15:27,475
28-11-2021 15:27,464
29-11-2021 15:27,478
30-11-2021 15:27,461
01-12-2021 15:27,464
02-12-2021 15:27,479
03-12-2021 15:27,480
04-12-2021 15:27,490
05-12-2021 15:27,474
06-12-2021 15:27,471
07-12-2021 15:27,472
08-12-2021 15:27,486
09-12-2021 15:27,480
10-12-2021 15:27,482
11-12-2021 15:27,485
12-12-2021 15:27,479
13-12-2021 15:27,481
14-12-2021 15:27,479
15-12-2021 15:27,477
16-12-2021 15:27,476
17-12-2021 15:27,473
18-12-2021 15:27,489
19-12-2021 15:27,477
20-12-2021 15:27,483
21-12-2021 15:27,478
22-12-2021 15:27,477
23-12-2021 15:27,477
24-12-2021 15:27,487
25-12-2021 15:27,482
26-12-2021 15:27,487
27-12-2021 15:27,488
28-12-2021 15:27,488
29-12-2021 15:27,476
30-12-2021 15:27,482
31-12-2021 15:27,484
01-01-2022 15:27,631
02-01-2022 15:27,620
03-01-2022 15:27,622
04-01-2022 15:27,621
05-01-2022 15:27,626
06-01-2022 15:27,625
07-01-2022 15:27,627
08-01-2022 15:27,622
09-01-2022 15:27,624
10-01-2022 15:27,620
11-01-2022 15:27,627
12-01-2022 15:27,622
13-01-2022 15:27,623
14-01-2022 15:27,623
15-01-2022 15:27,623
16-01-2022 15:27,627
17-01-2022 15:27,620
18-01-2022 15:27,627
19-01-2022 15:27,624
20-01-2022 15:27,628
21-01-2022 15:27,624
22-01-2022 15:27,623
23-01-2022 15:27,628
24-01-2022 15:27,626
25-01-2022 15:27,629
26-01-2022 15:27,621
27-01-2022 15:27,622
28-01-2022 15:27,628
29-01-2022 15:27,628
30-01-2022 15:27,623
31-01-2022 15:27,623
01-02-2022 15:27,619
02-02-2022 15:27,636
03-02-2022 15:27,631
04-02-2022 15:27,638
05-02-2022 15:27,638
06-02-2022 15:27,629
07-02-2022 15:27,640
08-02-2022 15:27,641
09-02-2022 15:27,640
10-02-2022 15:27,632
11-02-2022 15:27,639
12-02-2022 15:27,632
13-02-2022 15:27,634
14-02-2022 15:27,631
15-02-2022 15:27,629
16-02-2022 15:27,631
17-02-2022 15:27,629
18-02-2022 15:27,635
19-02-2022 15:27,632
20-02-2022 15:27,640
21-02-2022 15:27,632
22-02-2022 15:27,640
23-02-2022 15:27,629
24-02-2022 15:27,637
25-02-2022 15:27,632
26-02-2022 15:27,630
27-02-2022 15:27,634
28-02-2022 15:27,640
01-03-2022 15:27,629
02-03-2022 15:27,643
03-03-2022 15:27,639
04-03-2022 15:27,646
05-03-2022 15:27,644
06-03-2022 15:27,644
07-03-2022 15:27,643
08-03-2022 15:27,646
09-03-2022 15:27,640
10-03-2022 15:27,646
11-03-2022 15:27,652
12-03-2022 15:27,652
13-03-2022 15:27,644
14-03-2022 15:27,642
15-03-2022 15:27,646
16-03-2022 15:27,651
17-03-2022 15:27,646
18-03-2022 15:27,651
19-03-2022 15:27,652
20-03-2022 15:27,644
21-03-2022 15:27,640
22-03-2022 15:27,650
23-03-2022 15:27,648
24-03-2022 15:27,645
25-03-2022 15:27,639
26-03-2022 15:27,639
27-03-2022 15:27,641
28-03-2022 15:27,645
29-03-2022 15:27,650
30-03-2022 15:27,643
31-03-2022 15:27,644
01-04-2022 15:27,646
02-04-2022 15:27,650
03-04-2022 15:27,652
04-04-2022 15:27,659
05-04-2022 15:27,658
06-04-2022 15:27,653
07-04-2022 15:27,655
08-04-2022 15:27,658
09-04-2022 15:27,653
10-04-2022 15:27,656
11-04-2022 15:27,657
12-04-2022 15:27,650
13-04-2022 15:27,660
14-04-2022 15:27,650
15-04-2022 15:27,653
16-04-2022 15:27,656
17-04-2022 15:27,660
18-04-2022 15:27,652
19-04-2022 15:27,651
20-04-2022 15:27,653
21-04-2022 15:27,660
22-04-2022 15:27,654
23-04-2022 15:27,653
24-04-2022 15:27,661
25-04-2022 15:27,649
26-04-2022 15:27,656
27-04-2022 15:27,661
28-04-2022 15:27,651
29-04-2022 15:27,659
30-04-2022 15:27,650
01-05-2022 15:27,656
02-05-2022 15:27,581
03-05-2022 15:27,577
04-05-2022 15:27,577
05-05-2022 15:27,572
06-05-2022 15:27,583
07-05-2022 15:27,576
08-05-2022 15:27,581
09-05-2022 15:27,579
10-05-2022 15:27,576
11-05-2022 15:27,580
12-05-2022 15:27,571
13-05-2022 15:27,579
14-05-2022 15:27,574
15-05-2022 15:27,577
16-05-2022 15:27,582
17-05-2022 15:27,583
18-05-2022 15:27,577
19-05-2022 15:27,578
20-05-2022 15:27,579
21-05-2022 15:27,577
22-05-2022 15:27,580
23-05-2022 15:27,584
24-05-2022 15:27,576
25-05-2022 15:27,571
26-05-2022 15:27,580
27-05-2022 15:27,574
28-05-2022 15:27,574
29-05-2022 15:27,573
30-05-2022 15:27,574
31-05-2022 15:27,583
01-06-2022 15:27,579
02-06-2022 15:27,592
03-06-2022 15:27,592
04-06-2022 15:27,583
05-06-2022 15:27,590
06-06-2022 15:27,588
07-06-2022 15:27,584
08-06-2022 15:27,595
09-06-2022 15:27,591
10-06-2022 15:27,580
11-06-2022 15:27,582
12-06-2022 15:27,589
13-06-2022 15:27,583
14-06-2022 15:27,584
15-06-2022 15:27,579
16-06-2022 15:27,581
17-06-2022 15:27,595
18-06-2022 15:27,594
19-06-2022 15:27,583
20-06-2022 15:27,595
21-06-2022 15:27,595
22-06-2022 15:27,588
23-06-2022 15:27,591
24-06-2022 15:27,592
25-06-2022 15:27,594
26-06-2022 15:27,580
27-06-2022 15:27,579
28-06-2022 15:27,584
29-06-2022 15:27,581
30-06-2022 15:27,580
01-07-2022 15:27,586
02-07-2022 15:27,598
03-07-2022 15:27,601
04-07-2022 15:27,589
05-07-2022 15:27,599
06-07-2022 15:27,600
07-07-2022 15:27,595
08-07-2022 15:27,597
09-07-2022 15:27,589
10-07-2022 15:27,598
11-07-2022 15:27,606
12-07-2022 15:27,590
13-07-2022 15:27,604
14-07-2022 15:27,593
15-07-2022 15:27,590
16-07-2022 15:27,605
17-07-2022 15:27,597
18-07-2022 15:27,591
19-07-2022 15:27,600
20-07-2022 15:27,597
21-07-2022 15:27,604
22-07-2022 15:27,603
23-07-2022 15:27,600
24-07-2022 15:27,600
25-07-2022 15:27,601
26-07-2022 15:27,589
27-07-2022 15:27,604
28-07-2022 15:27,604
29-07-2022 15:27,594
30-07-2022 15:27,590
31-07-2022 15:27,603
01-08-2022 15:27,592
02-08-2022 15:27,601
03-08-2022 15:27,613
04-08-2022 15:27,616
05-08-2022 15:27,608
06-08-2022 15:27,602
07-08-2022 15:27,609
08-08-2022 15:27,605
09-08-2022 15:27,600
10-08-2022 15:27,605
11-08-2022 15:27,604
12-08-2022 15:27,615
13-08-2022 15:27,615
14-08-2022 15:27,615
15-08-2022 15:27,615
16-08-2022 15:27,613
17-08-2022 15:27,602
18-08-2022 15:27,615
19-08-2022 15:27,610
20-08-2022 15:27,600
21-08-2022 15:27,607
22-08-2022 15:27,614
23-08-2022 15:27,617
24-08-2022 15:27,612
25-08-2022 15:27,600
26-08-2022 15:27,608
27-08-2022 15:27,615
28-08-2022 15:27,617
29-08-2022 15:27,600
30-08-2022 15:27,604
31-08-2022 15:27,605
01-09-2022 15:27,614
02-09-2022 15:27,620
03-09-2022 15:27,619
04-09-2022 15:27,628
05-09-2022 15:27,626
06-09-2022 15:27,625
07-09-2022 15:27,620
08-09-2022 15:27,622
09-09-2022 15:27,609
10-09-2022 15:27,625
11-09-2022 15:27,618
12-09-2022 15:27,618
13-09-2022 15:27,621
14-09-2022 15:27,618
15-09-2022 15:27,623
16-09-2022 15:27,613
17-09-2022 15:27,620
18-09-2022 15:27,620
19-09-2022 15:27,616
20-09-2022 15:27,612
21-09-2022 15:27,613
22-09-2022 15:27,627
23-09-2022 15:27,611
24-09-2022 15:27,613
25-09-2022 15:27,628
26-09-2022 15:27,610
27-09-2022 15:27,628
28-09-2022 15:27,615
29-09-2022 15:27,620
30-09-2022 15:27,625
01-10-2022 15:27,624
02-10-2022 15:27,637
03-10-2022 15:27,623
04-10-2022 15:27,620
05-10-2022 15:27,628
06-10-2022 15:27,620
07-10-2022 15:27,627
08-10-2022 15:27,627
09-10-2022 15:27,621
10-10-2022 15:27,631
11-10-2022 15:27,624
12-10-2022 15:27,634
13-10-2022 15:27,627
14-10-2022 15:27,624
15-10-2022 15:27,625
16-10-2022 15:27,621
17-10-2022 15:27,630
18-10-2022 15:27,638
19-10-2022 15:27,631
20-10-2022 15:27,623
21-10-2022 15:27,620
22-10-2022 15:27,619
23-10-2022 15:27,625
24-10-2022 15:27,624
25-10-2022 15:27,626
26-10-2022 15:27,623
27-10-2022 15:27,622
28-10-2022 15:27,621
29-10-2022 15:27,631
30-10-2022 15:27,622
31-10-2022 15:27,637
01-11-2022 15:27,622
02-11-2022 15:27,650
03-11-2022 15:27,638
04-11-2022 15:27,641
05-11-2022 15:27,645
06-11-2022 15:27,650
07-11-2022 15:27,630
08-11-2022 15:27,649
09-11-2022 15:27,648
10-11-2022 15:27,649
11-11-2022 15:27,640
12-11-2022 15:27,634
13-11-2022 15:27,639
14-11-2022 15:27,645
15-11-2022 15:27,649
16-11-2022 15:27,645
17-11-2022 15:27,641
18-11-2022 15:27,648
19-11-2022 15:27,641
20-11-2022 15:27,632
21-11-2022 15:27,633
22-11-2022 15:27,636
23-11-2022 15:27,649
24-11-2022 15:27,644
25-11-2022 15:27,638
26-11-2022 15:27,637
27-11-2022 15:27,631
28-11-2022 15:27,634
29-11-2022 15:27,642
30-11-2022 15:27,646
01-12-2022 15:27,649
02-12-2022 15:27,656
03-12-2022 15:27,656
04-12-2022 15:27,659
05-12-2022 15:27,656
06-12-2022 15:27,652
07-12-2022 15:27,641
08-12-2022 15:27,648
09-12-2022 15:27,640
10-12-2022 15:27,641
11-12-2022 15:27,658
12-12-2022 15:27,655
13-12-2022 15:27,654
14-12-2022 15:27,661
15-12-2022 15:27,649
16-12-2022 15:27,647
17-12-2022 15:27,659
18-12-2022 15:27,659
19-12-2022 15:27,643
20-12-2022 15:27,642
21-12-2022 15:27,658
22-12-2022 15:27,641
23-12-2022 15:27,640
24-12-2022 15:27,642
25-12-2022 15:27,652
26-12-2022 15:27,648
27-12-2022 15:27,645
28-12-2022 15:27,642
29-12-2022 15:27,660
30-12-2022 15:27,644
31-12-2022 15:27,649
01-01-2023 15:27,541
02-01-2023 15:27,554
03-01-2023 15:27,554
04-01-2023 15:27,558
05-01-2023 15:27,552
06-01-2023 15:27,555
07-01-2023 15:27,559
08-01-2023 15:27,551
09-01-2023 15:27,557
10-01-2023 15:27,551
11-01-2023 15:27,552
12-01-2023 15:27,556
13-01-2023 15:27,551
14-01-2023 15:27,553
15-01-2023 15:27,557
16-01-2023 15:27,559
17-01-2023 15:27,555
18-01-2023 15:27,556
19-01-2023 15:27,557
20-01-2023 15:27,557
21-01-2023 15:27,558
22-01-2023 15:27,553
23-01-2023 15:27,559
24-01-2023 15:27,554
25-01-2023 15:27,550
26-01-2023 15:27,549
27-01-2023 15:27,550
28-01-2023 15:27,554
29-01-2023 15:27,549
30-01-2023 15:27,556
31-01-2023 15:27,558
01-02-2023 15:27,551
02-02-2023 15:27,566
03-02-2023 15:27,570
04-02-2023 15:27,560
05-02-2023 15:27,570
06-02-2023 15:27,564
07-02-2023 15:27,566
08-02-2023 15:27,569
09-02-2023 15:27,560
10-02-2023 15:27,558
11-02-2023 15:27,565
12-02-2023 15:27,567
13-02-2023 15:27,558
14-02-2023 15:27,563
15-02-2023 15:27,562
16-02-2023 15:27,570
17-02-2023 15:27,565
18-02-2023 15:27,567
19-02-2023 15:27,568
20-02-2023 15:27,569
21-02-2023 15:27,564
22-02-2023 15:27,558
23-02-2023 15:27,563
24-02-2023 15:27,561
25-02-2023 15:27,560
26-02-2023 15:27,558
27-02-2023 15:27,560
28-02-2023 15:27,568
01-03-2023 15:27,565
02-03-2023 15:27,482
03-03-2023 15:27,481
04-03-2023 15:27,488
05-03-2023 15:27,482
06-03-2023 15:27,488
07-03-2023 15:27,478
08-03-2023 15:27,481
09-03-2023 15:27,484
10-03-2023 15:27,484
11-03-2023 15:27,486
12-03-2023 15:27,479
13-03-2023 15:27,481
14-03-2023 15:27,482
15-03-2023 15:27,485
16-03-2023 15:27,480
17-03-2023 15:27,479
18-03-2023 15:27,486
19-03-2023 15:27,490
20-03-2023 15:27,478
21-03-2023 15:27,486
22-03-2023 15:27,486
23-03-2023 15:27,479
24-03-2023 15:27,478
25-03-2023 15:27,481
26-03-2023 15:27,488
27-03-2023 15:27,485
28-03-2023 15:27,488
29-03-2023 15:27,481
30-03-2023 15:27,478
31-03-2023 15:27,488
01-04-2023 15:27,483
02-04-2023 15:27,496
03-04-2023 15:27,496
04-04-2023 15:27,489
05-04-2023 15:27,492
06-04-2023 15:27,500
07-04-2023 15:27,489
08-04-2023 15:27,499
09-04-2023 15:27,499
10-04-2023 15:27,494
11-04-2023 15:27,502
12-04-2023 15:27,489
13-04-2023 15:27,500
14-04-2023 15:27,494
15-04-2023 15:27,491
16-04-2023 15:27,495
17-04-2023 15:27,494
18-04-2023 15:27,491
19-04-2023 15:27,488
20-04-2023 15:27,492
21-04-2023 15:27,492
22-04-2023 15:27,499
23-04-2023 15:27,493
24-04-2023 15:27,500
25-04-2023 15:27,500
26-04-2023 15:27,498
27-04-2023 15:27,498
28-04-2023 15:27,502
29-04-2023 15:27,498
30-04-2023 15:27,494
01-05-2023 15:27,496
02-05-2023 15:27,501
03-05-2023 15:27,500
04-05-2023 15:27,508
05-05-2023 15:27,500
06-05-2023 15:27,508
07-05-2023 15:27,508
08-05-2023 15:27,502
09-05-2023 15:27,505
10-05-2023 15:27,499
11-05-2023 15:27,505
12-05-2023 15:27,500
13-05-2023 15:27,509
14-05-2023 15:27,503
15-05-2023 15:27,498
16-05-2023 15:27,507
17-05-2023 15:27,501
18-05-2023 15:27,506
19-05-2023 15:27,511
20-05-2023 15:27,513
21-05-2023 15:27,507
22-05-2023 15:27,504
23-05-2023 15:27,506
24-05-2023 15:27,508
25-05-2023 15:27,504
26-05-2023 15:27,512
27-05-2023 15:27,512
28-05-2023 15:27,511
29-05-2023 15:27,506
30-05-2023 15:27,513
31-05-2023 15:27,508
01-06-2023 15:27,503
02-06-2023 15:27,521
03-06-2023 15:27,520
04-06-2023 15:27,520
05-06-2023 15:27,514
06-06-2023 15:27,514
07-06-2023 15:27,512
08-06-2023 15:27,518
09-06-2023 15:27,524
10-06-2023 15:27,512
11-06-2023 15:27,508
12-06-2023 15:27,519
13-06-2023 15:27,509
14-06-2023 15:27,523
15-06-2023 15:27,516
16-06-2023 15:27,512
17-06-2023 15:27,520
18-06-2023 15:27,516
19-06-2023 15:27,516
20-06-2023 15:27,519
21-06-2023 15:27,521
22-06-2023 15:27,513
23-06-2023 15:27,520
24-06-2023 15:27,523
25-06-2023 15:27,514
26-06-2023 15:27,520
27-06-2023 15:27,517
28-06-2023 15:27,522
29-06-2023 15:27,508
30-06-2023 15:27,522
01-07-2023 15:27,520
02-07-2023 15:27,522
03-07-2023 15:27,524
04-07-2023 15:27,532
05-07-2023 15:27,518
06-07-2023 15:27,520
07-07-2023 15:27,529
08-07-2023 15:27,531
09-07-2023 15:27,527
10-07-2023 15:27,525
11-07-2023 15:27,531
12-07-2023 15:27,519
13-07-2023 15:27,520
14-07-2023 15:27,535
15-07-2023 15:27,521
16-07-2023 15:27,530
17-07-2023 15:27,526
18-07-2023 15:27,528
19-07-2023 15:27,530
20-07-2023 15:27,530
21-07-2023 15:27,527
22-07-2023 15:27,526
23-07-2023 15:27,522
24-07-2023 15:27,521
25-07-2023 15:27,520
26-07-2023 15:27,520
27-07-2023 15:27,529
28-07-2023 15:27,533
29-07-2023 15:27,519
30-07-2023 15:27,526
31-07-2023 15:27,525
01-08-2023 15:27,534
02-08-2023 15:27,532
03-08-2023 15:27,530
04-08-2023 15:27,529
05-08-2023 15:27,545
06-08-2023 15:27,543
07-08-2023 15:27,545
08-08-2023 15:27,543
09-08-2023 15:27,536
10-08-2023 15:27,533
11-08-2023 15:27,532
12-08-2023 15:27,539
13-08-2023 15:27,545
14-08-2023 15:27,543
15-08-2023 15:27,530
16-08-2023 15:27,539
17-08-2023 15:27,532
18-08-2023 15:27,538
19-08-2023 15:27,537
20-08-2023 15:27,537
21-08-2023 15:27,543
22-08-2023 15:27,537
23-08-2023 15:27,538
24-08-2023 15:27,543
25-08-2023 15:27,535
26-08-2023 15:27,546
27-08-2023 15:27,538
28-08-2023 15:27,545
29-08-2023 15:27,529
30-08-2023 15:27,545
31-08-2023 15:27,529
01-09-2023 15:27,529
02-09-2023 15:27,553
03-09-2023 15:27,553
04-09-2023 15:27,542
05-09-2023 15:27,556
06-09-2023 15:27,541
07-09-2023 15:27,548
08-09-2023 15:27,549
09-09-2023 15:27,555
10-09-2023 15:27,551
11-09-2023 15:27,544
12-09-2023 15:27,555
13-09-2023 15:27,550
14-09-2023 15:27,553
15-09-2023 15:27,538
16-09-2023 15:27,555
17-09-2023 15:27,552
18-09-2023 15:27,556
19-09-2023 15:27,541
20-09-2023 15:27,549
21-09-2023 15:27,553
22-09-2023 15:27,540
23-09-2023 15:27,546
24-09-2023 15:27,556
25-09-2023 15:27,553
26-09-2023 15:27,545
27-09-2023 15:27,555
28-09-2023 15:27,541
29-09-2023 15:27,544
30-09-2023 15:27,544
01-10-2023 15:27,540
02-10-2023 15:27,565
03-10-2023 15:27,557
04-10-2023 15:27,552
05-10-2023 15:27,551
06-10-2023 15:27,567
07-10-2023 15:27,563
08-10-2023 15:27,560
09-10-2023 15:27,563
10-10-2023 15:27,567
11-10-2023 15:27,548
12-10-2023 15:27,565
13-10-2023 15:27,567
14-10-2023 15:27,564
15-10-2023 15:27,564
16-10-2023 15:27,563
17-10-2023 15:27,556
18-10-2023 15:27,556
19-10-2023 15:27,561
20-10-2023 15:27,550
21-10-2023 15:27,568
22-10-2023 15:27,552
23-10-2023 15:27,556
24-10-2023 15:27,552
25-10-2023 15:27,560
26-10-2023 15:27,557
27-10-2023 15:27,557
28-10-2023 15:27,561
29-10-2023 15:27,556
30-10-2023 15:27,551
31-10-2023 15:27,568
01-11-2023 15:27,557
02-11-2023 15:27,567
03-11-2023 15:27,576
04-11-2023 15:27,573
05-11-2023 15:27,558
06-11-2023 15:27,560
07-11-2023 15:27,577
08-11-2023 15:27,576
09-11-2023 15:27,559
10-11-2023 15:27,570
11-11-2023 15:27,560
12-11-2023 15:27,572
13-11-2023 15:27,565
14-11-2023 15:27,561
15-11-2023 15:27,558
16-11-2023 15:27,572
17-11-2023 15:27,578
18-11-2023 15:27,571
19-11-2023 15:27,569
20-11-2023 15:27,578
21-11-2023 15:27,569
22-11-2023 15:27,575
23-11-2023 15:27,579
24-11-2023 15:27,564
25-11-2023 15:27,570
26-11-2023 15:27,573
27-11-2023 15:27,561
28-11-2023 15:27,569
29-11-2023 15:27,573
30-11-2023 15:27,559
01-12-2023 15:27,572
02-12-2023 15:27,588
03-12-2023 15:27,585
04-12-2023 15:27,581
05-12-2023 15:27,575
06-12-2023 15:27,590
07-12-2023 15:27,574
08-12-2023 15:27,588
09-12-2023 15:27,575
10-12-2023 15:27,587
11-12-2023 15:27,585
12-12-2023 15:27,577
13-12-2023 15:27,576
14-12-2023 15:27,579
15-12-2023 15:27,574
16-12-2023 15:27,577
17-12-2023 15:27,584
18-12-2023 15:27,588
19-12-2023 15:27,579
20-12-2023 15:27,573
21-12-2023 15:27,578
22-12-2023 15:27,570
23-12-2023 15:27,571
24-12-2023 15:27,569
25-12-2023 15:27,585
26-12-2023 15:27,586
27-12-2023 15:27,571
28-12-2023 15:27,588
29-12-2023 15:27,569
30-12-2023 15:27,578
31-12-2023 15:27,572
01-01-2024 15:27,506
02-01-2024 15:27,411
03-01-2024 15:27,405
04-01-2024 15:27,404
05-01-2024 15:27,410
06-01-2024 15:27,405
07-01-2024 15:27,407
08-01-2024 15:27,411
09-01-2024 15:27,409
10-01-2024 15:27,405
11-01-2024 15:27,414
12-01-2024 15:27,414
13-01-2024 15:27,405
14-01-2024 15:27,409
15-01-2024 15:27,407
16-01-2024 15:27,405
17-01-2024 15:27,405
18-01-2024 15:27,404
19-01-2024 15:27,411
20-01-2024 15:27,406
21-01-2024 15:27,413
22-01-2024 15:27,407
23-01-2024 15:27,413
24-01-2024 15:27,404
25-01-2024 15:27,406
26-01-2024 15:27,411
27-01-2024 15:27,414
28-01-2024 15:27,408
29-01-2024 15:27,409
30-01-2024 15:27,412
31-01-2024 15:27,407
01-02-2024 15:27,405
02-02-2024 15:27,419
03-02-2024 15:27,426
04-02-2024 15:27,423
05-02-2024 15:27,416
06-02-2024 15:27,419
07-02-2024 15:27,421
08-02-2024 15:27,422
09-02-2024 15:27,426
10-02-2024 15:27,416
11-02-2024 15:27,415
12-02-2024 15:27,425
13-02-2024 15:27,414
14-02-2024 15:27,415
15-02-2024 15:27,416
16-02-2024 15:27,421
17-02-2024 15:27,422
18-02-2024 15:27,418
19-02-2024 15:27,416
20-02-2024 15:27,416
21-02-2024 15:27,424
22-02-2024 15:27,419
23-02-2024 15:27,420
24-02-2024 15:27,417
